fight_id,event_date,winner,weight_class,title_fight,scheduled_rounds,gender_male,fighter_1_age,fighter_1_height_cm,fighter_1_weight_lbs,fighter_1_reach_cm,fighter_1_stance_orthodox,fighter_1_stance_southpaw,fighter_1_stance_switch,fighter_1_stance_open_stance,fighter_2_age,fighter_2_height_cm,fighter_2_weight_lbs,fighter_2_reach_cm,fighter_2_stance_orthodox,fighter_2_stance_southpaw,fighter_2_stance_switch,fighter_2_stance_open_stance,height_advantage,reach_advantage,age_advantage,fighter_1_wins,fighter_1_losses,fighter_1_draws,fighter_1_total_fights,fighter_1_win_percentage,fighter_2_wins,fighter_2_losses,fighter_2_draws,fighter_2_total_fights,fighter_2_win_percentage,experience_advantage,fighter_1_last_2_win_rate,fighter_1_last_2_finish_rate,fighter_1_last_2_avg_fight_time,fighter_1_last_3_win_rate,fighter_1_last_3_finish_rate,fighter_1_last_3_avg_fight_time,fighter_1_last_5_win_rate,fighter_1_last_5_finish_rate,fighter_1_last_5_avg_fight_time,fighter_1_avg_striking_accuracy,fighter_1_avg_takedown_accuracy,fighter_1_avg_control_time,fighter_1_avg_strikes_per_round,fighter_1_days_since_last_fight,fighter_2_last_2_win_rate,fighter_2_last_2_finish_rate,fighter_2_last_2_avg_fight_time,fighter_2_last_3_win_rate,fighter_2_last_3_finish_rate,fighter_2_last_3_avg_fight_time,fighter_2_last_5_win_rate,fighter_2_last_5_finish_rate,fighter_2_last_5_avg_fight_time,fighter_2_avg_striking_accuracy,fighter_2_avg_takedown_accuracy,fighter_2_avg_control_time,fighter_2_avg_strikes_per_round,fighter_2_days_since_last_fight,orthodox_vs_southpaw,fighter_1_win_streak,fighter_1_loss_streak,fighter_1_current_streak,fighter_1_momentum_score,fighter_1_fights_per_year,fighter_1_recent_activity,fighter_2_win_streak,fighter_2_loss_streak,fighter_2_current_streak,fighter_2_momentum_score,fighter_2_fights_per_year,fighter_2_recent_activity,fighter_1_ko_rate,fighter_1_submission_rate,fighter_1_decision_rate,fighter_1_first_round_finish_rate,fighter_1_late_finish_rate,fighter_1_average_fight_duration,fighter_1_takedown_success_rate,fighter_2_ko_rate,fighter_2_submission_rate,fighter_2_decision_rate,fighter_2_first_round_finish_rate,fighter_2_late_finish_rate,fighter_2_average_fight_duration,fighter_2_takedown_success_rate,fighter_1_fighting_age,fighter_1_peak_performance,fighter_1_age_vs_prime,fighter_1_past_prime,fighter_2_fighting_age,fighter_2_peak_performance,fighter_2_age_vs_prime,fighter_2_past_prime,southpaw_advantage,significant_height_advantage,significant_reach_advantage,major_experience_gap,win_rate_gap,record_quality_difference,fighter_1_avg_opponent_win_rate,fighter_1_vs_winning_record,fighter_1_vs_elite_opponents,fighter_1_strength_of_schedule,fighter_1_quality_wins,fighter_1_bad_losses,fighter_2_avg_opponent_win_rate,fighter_2_vs_winning_record,fighter_2_vs_elite_opponents,fighter_2_strength_of_schedule,fighter_2_quality_wins,fighter_2_bad_losses,dataset_type,created_at
2560ea97b2cce4ef,2025-10-04,,Light Heavyweight,0,3,1,32.9719370294319,190.5,205.0,203.2,1,0,0,0,35.60301163586585,185.42,205.0,193.04,0,1,0,0,5.0800000000000125,10.159999999999997,2.6310746064339483,31,5,1,37,0.8378378378378378,14,6,0,20,0.7,17,0.5,1.0,547.0,0.6666666666666666,1.0,530.3333333333334,0.6,1.0,722.2,0.5587096774193548,0.6,47.285714285714285,24.055555555555557,259.0,0.5,0.5,1336.0,0.6666666666666666,0.6666666666666666,1109.3333333333333,0.8,0.6,877.6,0.4052805280528053,,17.181818181818183,16.157894736842106,105.0,1,1,0,1,1.0,1.5476694915254239,4,1,0,1,2.0,1.898853211009174,3,0.5714285714285714,0.14285714285714285,0.0,0.0,0.2857142857142857,733.6,0.6,0.4117647058823529,0.0,0.17647058823529413,0.23529411764705882,0.23529411764705882,533.5,,5.232032854209446,,0.9719370294318992,0,9.240246406570842,0.8,3.6030116358658475,1,-1,0,0,1,0.13783783783783787,0.13783783783783787,0.7517006802721088,1.0,0.2857142857142857,0.7517006802721088,0,0,0.5123321123321123,0.35294117647058826,0.11764705882352941,0.5123321123321123,0,1,prediction,2025-09-30 18:47:09.648220
7b34aa1eb09b8301,2025-10-04,,Featherweight,0,3,1,30.56536618754278,170.18,145.0,170.18,1,0,0,0,31.701574264202602,170.18,145.0,180.34,1,0,0,0,0.0,-10.159999999999997,1.1362080766598233,13,2,0,15,0.8666666666666667,9,0,0,9,1.0,6,1.0,0.0,900.0,1.0,0.3333333333333333,789.3333333333334,0.75,0.25,817.0,0.4043887147335423,0.39285714285714285,111.1,23.454545454545453,147.0,1.0,1.0,28.0,1.0,1.0,28.0,1.0,1.0,28.0,0.75,,,6.0,119.0,0,3,0,3,0.6,1.2963620230700976,1,1,0,1,,0.0,1,0.25,0.0,0.5,0.0,0.5,789.3333333333334,0.39285714285714285,1.0,0.0,0.0,1.0,0.0,28.0,,3.488021902806297,,2.5653661875427787,0,0.3258042436687201,,3.701574264202602,1,0,0,0,0,0.1333333333333333,-0.1333333333333333,0.6011904761904762,0.75,0.0,0.6011904761904762,0,0,0.3333333333333333,0.0,0.0,0.3333333333333333,0,0,prediction,2025-09-30 18:47:09.648220
8353b491afa7bc32,2025-10-04,,Women's Bantamweight,0,3,1,34.19028062970568,180.34,135.0,182.88,1,0,0,0,35.89596167008898,167.64,135.0,172.72,1,0,0,0,12.700000000000017,10.159999999999997,1.705681040383297,11,4,0,15,0.7333333333333333,16,8,0,24,0.6666666666666666,-9,0.5,0.0,659.0,0.6666666666666666,0.3333333333333333,517.3333333333334,0.6,0.4,638.6,0.4637053087757313,0.3541666666666667,95.53571428571429,15.285714285714286,126.0,1.0,0.0,900.0,0.6666666666666666,0.0,900.0,0.4,0.2,775.0,0.5850860420650096,0.5,111.20833333333333,21.103448275862068,154.0,0,0,1,-1,1.0,1.846251053074979,3,2,0,2,0.0,1.5346638655462184,2,0.25,0.16666666666666666,0.25,0.16666666666666666,0.25,541.75,0.3541666666666667,0.0,0.0,0.5454545454545454,0.0,0.5454545454545454,900.0,0.5,6.844626967830253,0.8,6.190280629705683,1,7.5893223819301845,0.6,7.89596167008898,1,0,1,0,0,0.06666666666666665,0.06666666666666665,0.5402958152958153,0.4166666666666667,0.0,0.5402958152958153,0,0,0.6047563547563547,0.8181818181818182,0.18181818181818182,0.6047563547563547,1,0,prediction,2025-09-30 18:47:09.648220
84ebd144d5e79c88,2025-10-04,,Featherweight,0,3,1,40.58590006844627,167.64,145.0,177.8,1,0,0,0,29.08145106091718,177.8,145.0,182.88,0,0,1,0,-10.160000000000025,-5.079999999999984,-11.504449007529093,19,5,0,24,0.7916666666666666,17,5,1,23,0.7391304347826086,1,0.5,0.5,808.5,0.3333333333333333,0.3333333333333333,1039.0,0.4,0.4,1035.2,0.3582366589327146,0.375,39.8,17.953488372093023,182.0,1.0,0.5,629.5,1.0,0.6666666666666666,497.0,0.8,0.6,560.2,0.5072639225181598,0.3064516129032258,98.38461538461539,14.448275862068966,231.0,0,0,1,-1,1.0,1.6836969883220652,2,4,0,4,1.0,2.190703380588877,4,0.26666666666666666,0.0,0.4,0.2,0.4666666666666667,750.9,0.375,0.0,0.2727272727272727,0.36363636363636365,0.09090909090909091,0.36363636363636365,657.2857142857143,0.3064516129032258,9.4072553045859,0.8,12.585900068446271,1,5.653661875427789,0.8,1.0814510609171784,0,0,-1,0,0,0.05253623188405798,0.05253623188405798,0.7285336356764928,0.8666666666666667,0.3333333333333333,0.7285336356764928,3,0,0.4935897435897436,0.2727272727272727,0.0,0.4935897435897436,0,1,prediction,2025-09-30 18:47:09.648220
98883348ddb3be33,2025-10-04,,Women's Flyweight,0,3,1,29.930184804928132,162.56,125.0,162.56,0,1,0,0,37.17180013689254,162.56,125.0,170.18,0,0,1,0,0.0,-7.6200000000000045,7.241615331964411,9,5,1,15,0.6,7,4,0,11,0.6363636363636364,4,0.5,0.0,900.0,0.6666666666666666,0.0,900.0,0.6,0.0,900.0,0.4540750323415265,0.4117647058823529,52.1764705882353,14.625,322.0,0.0,0.5,868.5,0.0,0.5,868.5,0.0,0.5,868.5,0.30569948186528495,,28.0,9.833333333333334,896.0,0,0,1,-1,1.0,1.0972129506008013,3,0,2,-2,,2.8204633204633205,0,0.0,0.1111111111111111,0.3333333333333333,0.1111111111111111,0.3333333333333333,692.25,0.4117647058823529,0.0,0.0,0.0,0.0,0.0,,,9.084188911704311,,1.9301848049281318,0,3.162217659137577,,9.171800136892543,1,0,0,0,0,0.036363636363636376,-0.036363636363636376,0.7053571428571428,0.5555555555555556,0.3333333333333333,0.7053571428571428,0,0,0.0,0.0,0.0,0.0,0,1,prediction,2025-09-30 18:47:09.648220
a8511df8285f5c91,2025-10-04,,Bantamweight,1,3,1,34.732375085557834,167.64,135.0,172.72,1,0,0,0,33.45653661875428,180.34,135.0,177.8,0,0,1,0,-12.700000000000017,-5.0800000000000125,-1.275838466803556,20,4,0,24,0.8333333333333334,18,5,0,23,0.782608695652174,1,1.0,0.5,1191.0,1.0,0.3333333333333333,1294.0,1.0,0.2,1256.4,0.424003158310304,0.35661764705882354,112.87755102040816,21.48,119.0,0.5,0.5,1024.0,0.6666666666666666,0.3333333333333333,1182.6666666666667,0.8,0.2,1249.6,0.45122985581000846,0.34615384615384615,88.90625,23.130434782608695,154.0,0,13,0,13,2.0,2.0017354767994155,4,1,0,1,2.0,2.065114964191481,2,0.06666666666666667,0.06666666666666667,0.7333333333333333,0.0,0.8,1011.3076923076923,0.35661764705882354,0.4,0.06666666666666667,0.26666666666666666,0.13333333333333333,0.3333333333333333,730.8181818181819,0.34615384615384615,7.819301848049282,1.0,6.732375085557834,1,7.685147159479809,1.0,5.456536618754278,1,0,-1,0,0,0.050724637681159424,0.050724637681159424,0.6991410523799189,0.7333333333333333,0.26666666666666666,0.6991410523799189,2,0,0.7567708937618439,0.8666666666666667,0.13333333333333333,0.7567708937618439,0,0,prediction,2025-09-30 18:47:09.648220
a951090fb402fd20,2025-10-04,,Welterweight,0,3,1,32.865160848733744,180.34,170.0,182.88,0,1,0,0,35.78370978781656,185.42,170.0,187.96,1,0,0,0,-5.079999999999984,-5.0800000000000125,2.918548939082818,11,4,0,15,0.7333333333333333,13,6,0,19,0.6842105263157895,-4,1.0,0.5,465.5,0.6666666666666666,0.6666666666666666,493.6666666666667,0.6,0.8,461.6,0.5637860082304527,0.5,64.42857142857143,22.833333333333332,266.0,0.5,0.5,726.5,0.3333333333333333,0.3333333333333333,784.3333333333334,0.3333333333333333,0.3333333333333333,784.3333333333334,0.5138888888888888,0.25,40.5,13.875,77.0,1,2,0,2,1.0,1.7721024258760107,3,1,0,1,0.2,3.194606413994169,3,0.4444444444444444,0.0,0.1111111111111111,0.3333333333333333,0.1111111111111111,348.8,0.5,0.0,0.0,0.3333333333333333,0.0,0.3333333333333333,900.0,0.25,5.806981519507187,,4.865160848733744,1,1.1498973305954825,,7.783709787816562,1,1,0,0,0,0.04912280701754379,0.04912280701754379,0.6,0.4444444444444444,0.2222222222222222,0.6,0,2,0.625,0.3333333333333333,0.3333333333333333,0.625,0,0,prediction,2025-09-30 18:47:09.648220
b09ecdc8ef0f0d20,2025-10-04,,Bantamweight,0,3,1,32.134154688569474,180.34,135.0,177.8,0,1,0,0,29.065023956194388,,135.0,,1,0,0,0,,,-3.0691307323750863,20,2,0,22,0.9090909090909091,16,3,2,21,0.7619047619047619,1,0.0,0.0,900.0,0.0,0.0,900.0,0.0,0.0,900.0,0.40131578947368424,0.0,,40.666666666666664,119.0,,,,,,,,,,,,,,,1,0,1,-1,,0.0,1,0,0,0,0.0,0.0,0,0.0,0.0,0.0,0.0,0.0,,0.0,,,,,,,,0.3258042436687201,,4.134154688569474,1,0.0,,1.0650239561943877,0,1,0,0,0,0.1471861471861472,0.1471861471861472,0.8181818181818182,1.0,1.0,0.8181818181818182,0,0,,,,,0,0,prediction,2025-09-30 18:47:09.648220
b98bc1ecb94ef4a5,2025-10-04,,Welterweight,0,3,1,32.878850102669404,177.8,170.0,182.88,1,0,0,0,35.540041067761805,180.34,170.0,187.96,1,0,0,0,-2.539999999999992,-5.0800000000000125,2.661190965092402,12,5,0,17,0.7058823529411765,13,2,0,15,0.8666666666666667,2,1.0,1.0,185.5,0.6666666666666666,0.6666666666666666,423.6666666666667,0.6,0.6,458.6,0.450199203187251,0.4117647058823529,66.33333333333333,8.692307692307692,126.0,1.0,1.0,553.0,1.0,1.0,553.0,1.0,1.0,553.0,0.75,0.5,220.5,19.5,224.0,0,2,0,2,1.0,1.5346638655462184,3,1,0,1,,0.0,1,0.14285714285714285,0.42857142857142855,0.0,0.5714285714285714,0.0,161.5,0.4117647058823529,1.0,0.0,0.0,0.0,0.0,553.0,0.5,4.906228610540725,,4.8788501026694036,1,0.6132785763175906,,7.5400410677618055,1,0,0,0,0,0.16078431372549018,-0.16078431372549018,0.42857142857142855,0.14285714285714285,0.0,0.42857142857142855,0,1,0.0,0.0,0.0,0.0,0,0,prediction,2025-09-30 18:47:09.648220
d006dd2513bd376d,2025-10-04,,Middleweight,0,3,1,35.08829568788501,187.96,185.0,198.12,1,0,0,0,29.045859000684462,187.96,185.0,190.5,1,0,0,0,0.0,7.6200000000000045,-6.042436687200546,28,6,1,35,0.8,14,3,0,17,0.8235294117647058,18,1.0,0.5,847.0,1.0,0.3333333333333333,864.6666666666666,0.6,0.4,810.8,0.4823008849557522,0.5714285714285714,113.11111111111111,14.533333333333333,161.0,1.0,0.5,492.5,0.6666666666666666,0.3333333333333333,828.3333333333334,0.8,0.6,621.0,0.4178217821782178,0.3333333333333333,21.0,16.23076923076923,119.0,0,3,0,3,0.0,2.2686335403726705,4,2,0,2,2.0,2.204728370221328,4,0.16666666666666666,0.16666666666666666,0.3333333333333333,0.16666666666666666,0.5,653.25,0.5714285714285714,0.5,0.16666666666666666,0.16666666666666666,0.5,0.16666666666666666,368.0,0.3333333333333333,3.0855578370978782,,5.088295687885008,1,3.047227926078029,,-0.9541409993155376,0,0,0,0,1,0.0235294117647058,-0.0235294117647058,0.6675925925925926,0.8333333333333334,0.16666666666666666,0.6675925925925926,0,0,0.45676231625720115,0.6666666666666666,0.0,0.45676231625720115,0,0,prediction,2025-09-30 18:47:09.648220
e53fd165a3bc1f8e,2025-10-04,,Bantamweight,0,3,1,34.45311430527036,175.26,135.0,170.18,1,0,0,0,28.17248459958932,172.72,135.0,180.34,1,0,0,0,2.539999999999992,-10.159999999999997,-6.28062970568104,22,6,2,30,0.7333333333333333,13,0,0,13,1.0,17,1.0,0.0,900.0,0.6666666666666666,0.0,1100.0,0.6,0.0,1020.0,0.5881552076242341,0.25,21.608695652173914,22.153846153846153,161.0,1.0,0.0,900.0,1.0,0.3333333333333333,685.0,1.0,0.25,738.75,0.5,0.4117647058823529,121.8,16.4,343.0,0,2,0,2,1.0,2.186190679777683,4,4,0,4,1.0,2.426910299003322,2,0.21428571428571427,0.0,0.5,0.07142857142857142,0.5,744.2,0.25,0.0,0.25,0.75,0.25,0.75,738.75,0.4117647058823529,6.844626967830253,0.8,6.453114305270361,1,2.5872689938398357,,0.17248459958932116,0,0,0,0,1,0.2666666666666667,-0.2666666666666667,0.6689804448425138,0.5714285714285714,0.14285714285714285,0.6689804448425138,0,0,0.575,0.5,0.25,0.575,0,0,prediction,2025-09-30 18:47:09.648220
1c7cc3a22ab7d907,2025-10-04,,Middleweight,0,3,1,27.871321013004792,187.96,185.0,190.5,1,0,0,0,35.62765229295003,185.42,185.0,198.12,0,1,0,0,2.5400000000000205,-7.6200000000000045,7.75633127994524,15,5,0,20,0.75,24,7,0,31,0.7741935483870968,-11,1.0,0.5,497.5,0.6666666666666666,0.6666666666666666,515.6666666666666,0.6,0.8,496.2,0.48214285714285715,0.375,64.26315789473684,14.538461538461538,112.0,0.5,0.5,597.0,0.3333333333333333,0.6666666666666666,591.3333333333334,0.4,0.6,707.8,0.4626865671641791,0.5333333333333333,115.0,8.61111111111111,161.0,1,2,0,2,1.0,1.9883793969849246,4,0,1,-1,1.0,1.653546277665996,2,0.38461538461538464,0.07692307692307693,0.15384615384615385,0.38461538461538464,0.15384615384615385,375.75,0.375,0.0,0.3333333333333333,0.3333333333333333,0.3333333333333333,0.3333333333333333,549.0,0.5333333333333333,6.844626967830253,1.0,-2.128678986995208,0,5.883641341546886,,5.627652292950032,1,-1,0,0,1,0.024193548387096753,-0.024193548387096753,0.5187217194570135,0.5384615384615384,0.0,0.5187217194570135,0,0,0.6479166666666667,0.7777777777777778,0.0,0.6479166666666667,0,0,prediction,2025-09-30 18:47:09.648220
fe4e918b7a0e170c,2025-10-04,,Middleweight,0,3,1,23.485284052019164,193.04,185.0,205.74,0,0,1,0,34.86652977412731,193.04,185.0,200.66,1,0,0,0,0.0,5.0800000000000125,11.381245722108144,8,1,0,9,0.8888888888888888,10,3,0,13,0.7692307692307693,-4,1.0,1.0,141.0,1.0,1.0,141.0,1.0,1.0,141.0,0.5402298850574713,,1.0,23.5,77.0,0.5,0.5,522.5,0.5,0.5,522.5,0.5,0.5,522.5,0.5274725274725275,,,36.0,210.0,0,2,0,2,,4.0,2,1,0,1,,4.0,2,1.0,0.0,0.0,1.0,0.0,141.0,,0.0,0.0,0.5,0.0,0.5,900.0,,0.5174537987679672,,-6.514715947980836,0,0.8624229979466119,,4.866529774127308,1,0,0,0,0,0.11965811965811957,0.11965811965811957,0.0,0.0,0.0,0.0,0,0,1.0,0.5,0.5,1.0,0,0,prediction,2025-09-30 18:47:09.648220
0de1ef0b9f3a79c0,2025-10-04,,Light Heavyweight,1,3,1,33.3388090349076,190.5,205.0,190.5,1,0,0,0,38.24503764544832,193.04,205.0,200.66,1,0,0,0,-2.539999999999992,-10.159999999999997,4.9062286105407225,21,1,1,23,0.9130434782608695,12,3,0,15,0.8,8,1.0,0.0,1200.0,1.0,0.3333333333333333,954.0,0.6,0.2,911.0,0.5280985373364127,0.22727272727272727,88.6,16.73170731707317,210.0,0.5,0.5,1336.0,0.6666666666666666,0.6666666666666666,995.0,0.8,0.8,745.4,0.6209829867674859,0.5,10.846153846153847,21.9,210.0,0,3,0,3,0.0,2.1502158555729984,4,0,1,-1,2.0,3.298645320197044,5,0.4,0.0,0.4,0.2,0.4666666666666667,722.1666666666666,0.22727272727272727,0.6363636363636364,0.0,0.18181818181818182,0.18181818181818182,0.36363636363636365,646.8888888888889,0.5,7.5509924709103355,1.0,1.338809034907598,0,3.909650924024641,1.0,6.2450376454483205,1,0,0,0,0,0.11304347826086947,0.11304347826086947,0.593725345616102,0.7333333333333333,0.13333333333333333,0.593725345616102,1,1,0.7861375466638626,0.9090909090909091,0.36363636363636365,0.7861375466638626,1,0,prediction,2025-09-30 18:47:09.648220
069bb056b912e7bb,2025-10-11,,Welterweight,0,3,1,28.142368240930868,185.42,170.0,182.88,1,0,0,0,35.26078028747433,190.5,170.0,198.12,1,0,0,0,-5.0800000000000125,-15.240000000000009,7.118412046543465,18,1,0,19,0.9473684210526315,20,6,0,26,0.7692307692307693,-7,1.0,0.5,749.0,1.0,0.3333333333333333,799.3333333333334,0.8,0.6,608.8,0.460446247464503,0.5384615384615384,66.36363636363636,18.916666666666668,91.0,0.5,0.5,649.5,0.6666666666666666,0.3333333333333333,733.0,0.8,0.4,659.2,0.4741902834008097,0.39285714285714285,56.75,19.520833333333332,168.0,0,3,0,3,1.0,2.4269102990033224,4,1,0,1,2.0,2.165085951393005,4,0.0,0.5,0.3333333333333333,0.3333333333333333,0.3333333333333333,504.0,0.5384615384615384,0.2,0.15,0.35,0.1,0.45,658.9285714285714,0.39285714285714285,2.7214236824093088,,0.14236824093086753,0,9.697467488021903,0.8,7.260780287474333,1,0,0,-1,0,0.17813765182186225,0.17813765182186225,0.6116522366522366,0.8333333333333334,0.0,0.6116522366522366,0,0,0.6756948714566443,0.75,0.2,0.6756948714566443,0,1,prediction,2025-09-30 18:47:09.648220
2aef1a91d26dde42,2025-10-11,,Featherweight,0,3,1,30.195756331279945,175.26,145.0,182.88,1,0,0,0,32.31211498973306,170.18,145.0,167.64,1,0,0,0,5.079999999999984,15.240000000000009,2.116358658453116,17,7,0,24,0.7083333333333334,12,4,1,17,0.7058823529411765,7,0.5,0.0,900.0,0.3333333333333333,0.3333333333333333,645.0,0.4,0.6,439.8,0.3647166361974406,0.575,61.78947368421053,13.3,224.0,0.0,0.5,645.0,0.0,0.5,645.0,0.0,0.5,645.0,0.4574468085106383,0.0,61.6,8.6,252.0,0,0,1,-1,1.0,1.7351543942992873,3,0,2,-2,,4.0,2,0.14285714285714285,0.07142857142857142,0.35714285714285715,0.14285714285714285,0.42857142857142855,690.875,0.575,0.0,0.0,0.0,0.0,0.0,,0.0,8.681724845995893,0.6,2.195756331279945,0,1.1307323750855578,,4.312114989733061,1,0,0,1,0,0.002450980392156854,0.002450980392156854,0.6038013268782498,0.42857142857142855,0.2857142857142857,0.6038013268782498,0,3,0.75,0.5,0.0,0.75,0,0,prediction,2025-09-30 18:47:09.648220
434abaea90ccd299,2025-10-11,,Flyweight,0,3,1,25.163586584531142,160.02,125.0,162.56,1,0,0,0,30.934976043805612,165.1,125.0,165.1,1,0,0,0,-5.079999999999984,-2.539999999999992,5.77138945927447,17,2,0,19,0.8947368421052632,8,1,0,9,0.8888888888888888,10,0.0,1.0,432.0,0.0,1.0,432.0,0.0,1.0,432.0,0.4146341463414634,,,8.5,364.0,0.0,1.0,159.0,0.0,1.0,159.0,0.0,1.0,159.0,0.47058823529411764,1.0,124.0,8.0,420.0,0,0,1,-1,,0.0,1,0,1,-1,,0.0,1,0.0,0.0,0.0,0.0,0.0,,,0.0,0.0,0.0,0.0,0.0,,1.0,0.9965776865160849,,-2.836413415468858,0,1.1498973305954825,,2.9349760438056123,0,0,0,0,0,0.005847953216374324,0.005847953216374324,1.0,1.0,1.0,1.0,0,0,0.6666666666666666,1.0,0.0,0.6666666666666666,0,0,prediction,2025-09-30 18:47:09.648220
546f971f9d8e0a33,2025-10-11,,Women's Bantamweight,0,3,1,34.51334702258727,,135.0,,0,0,0,0,35.290896646132786,172.72,135.0,170.18,1,0,0,0,,,0.7775496235455179,5,0,0,5,1.0,5,3,0,8,0.625,-3,,,,,,,,,,,,,,,0.0,0.0,900.0,0.3333333333333333,0.3333333333333333,643.6666666666666,0.3333333333333333,0.3333333333333333,643.6666666666666,0.39090909090909093,0.2,51.0,18.428571428571427,112.0,0,0,0,0,0.0,0.0,0,0,2,-2,0.5,1.397640306122449,2,,,,,,,,0.0,0.3333333333333333,0.0,0.3333333333333333,0.0,131.0,0.2,0.0,,6.5133470225872685,1,2.4531143052703626,,7.290896646132786,1,0,0,0,0,0.375,0.375,,,,,0,0,0.3,0.3333333333333333,0.0,0.3,0,1,prediction,2025-09-30 18:47:09.648220
6188b7fb3f8daacc,2025-10-11,,Welterweight,0,3,1,33.87268993839836,180.34,170.0,190.5,1,0,0,0,32.610540725530456,190.5,155.0,195.58,1,0,0,0,-10.159999999999997,-5.0800000000000125,-1.2621492128679037,23,11,1,35,0.6571428571428571,22,3,0,25,0.88,10,0.5,1.0,207.5,0.3333333333333333,1.0,304.0,0.4,0.8,626.6,0.519733713742273,0.5185185185185185,60.21212121212121,21.86,126.0,1.0,1.0,492.0,1.0,1.0,516.6666666666666,0.8,1.0,429.6,0.5374531835205992,0.0,22.857142857142858,17.9375,301.0,0,0,1,-1,1.0,2.3219320066334994,3,3,0,3,1.0,1.5498585572842998,2,0.34782608695652173,0.2608695652173913,0.08695652173913043,0.391304347826087,0.17391304347826086,454.5,0.5185185185185185,0.4444444444444444,0.3333333333333333,0.0,0.4444444444444444,0.1111111111111111,356.85714285714283,0.0,10.250513347022586,1.0,5.872689938398359,1,6.631074606433949,,4.610540725530456,1,0,-1,0,0,0.22285714285714286,-0.22285714285714286,0.633362554112554,0.7391304347826086,0.043478260869565216,0.633362554112554,0,0,0.6780625624375625,0.7777777777777778,0.2222222222222222,0.6780625624375625,1,0,prediction,2025-09-30 18:47:09.648220
766b0b26c40525de,2025-10-11,,Flyweight,0,3,1,32.435318275154,170.18,125.0,172.72,1,0,0,0,29.338809034907598,167.64,125.0,167.64,1,0,0,0,2.5400000000000205,5.0800000000000125,-3.096509240246405,16,4,0,20,0.8,8,1,0,9,0.8888888888888888,11,0.5,0.5,583.5,0.6666666666666666,0.6666666666666666,457.6666666666667,0.5,0.75,561.25,0.4166666666666667,0.5,98.0,8.125,133.0,0.5,0.5,666.0,0.6666666666666666,0.6666666666666666,508.3333333333333,0.6666666666666666,0.6666666666666666,508.3333333333333,0.5895522388059702,0.42857142857142855,89.66666666666667,13.166666666666666,266.0,0,0,1,-1,0.5,1.8149068322981365,2,0,1,-1,0.8,1.565357142857143,2,0.0,0.5,0.0,0.5,0.0,236.5,0.5,0.0,0.6666666666666666,0.0,0.3333333333333333,0.0,312.5,0.42857142857142855,2.568104038329911,,4.435318275154003,1,2.64476386036961,,1.338809034907598,0,0,0,0,1,0.0888888888888888,-0.0888888888888888,0.7222222222222222,0.5,0.25,0.7222222222222222,0,0,0.4,0.3333333333333333,0.0,0.4,0,0,prediction,2025-09-30 18:47:09.648220
79865287be90e4be,2025-10-11,,Lightweight,0,3,1,35.983572895277206,177.8,155.0,187.96,1,0,0,0,34.83367556468173,177.8,155.0,177.8,0,1,0,0,0.0,10.159999999999997,-1.1498973305954792,35,11,0,46,0.7608695652173914,25,3,0,28,0.8928571428571429,18,0.5,0.5,823.5,0.3333333333333333,0.3333333333333333,849.0,0.4,0.6,658.6,0.5525990099009901,0.3939393939393939,77.65,12.942028985507246,105.0,0.5,0.0,900.0,0.6666666666666666,0.0,900.0,0.8,0.2,804.6,0.5191011235955056,0.3684210526315789,84.66666666666667,15.4,133.0,1,0,1,-1,1.0,2.347796143250689,3,1,0,1,2.0,2.381594546532306,3,0.11428571428571428,0.45714285714285713,0.08571428571428572,0.2571428571428571,0.22857142857142856,462.4347826086956,0.3939393939393939,0.2727272727272727,0.09090909090909091,0.36363636363636365,0.09090909090909091,0.36363636363636365,697.0,0.3684210526315789,15.195071868583161,1.0,7.983572895277206,1,4.982888432580425,0.8,6.833675564681727,1,-1,0,0,1,0.13198757763975155,-0.13198757763975155,0.7082474685263339,0.8285714285714286,0.2857142857142857,0.7082474685263339,3,0,0.6777603768780239,0.8181818181818182,0.09090909090909091,0.6777603768780239,1,0,prediction,2025-09-30 18:47:09.648220
a815dafc89adf33b,2025-10-11,,Heavyweight,0,3,1,28.12046543463381,187.96,265.0,195.58,1,0,0,0,30.535249828884325,185.42,264.0,187.96,0,1,0,0,2.5400000000000205,7.6200000000000045,2.414784394250514,12,2,0,14,0.8571428571428571,10,3,0,13,0.7692307692307693,1,0.5,1.0,540.0,0.3333333333333333,1.0,400.0,0.6,0.8,492.6,0.44072164948453607,0.5862068965517241,113.71428571428571,10.6875,91.0,0.5,0.5,546.0,0.6666666666666666,0.3333333333333333,664.0,0.5,0.25,723.0,0.5857605177993528,0.6190476190476191,118.33333333333333,18.1,161.0,1,1,0,1,2.0,2.9938524590163937,5,1,0,1,0.4,3.2109890109890107,4,0.14285714285714285,0.2857142857142857,0.2857142857142857,0.14285714285714285,0.42857142857142855,648.2,0.5862068965517241,0.0,0.0,0.5,0.0,0.5,900.0,0.6190476190476191,2.5872689938398357,,-3.879534565366189,0,1.6865160848733745,,-1.464750171115675,0,-1,0,0,0,0.08791208791208782,0.08791208791208782,0.4,0.2857142857142857,0.0,0.4,0,0,0.5700757575757576,0.5,0.0,0.5700757575757576,0,0,prediction,2025-09-30 18:47:09.648220
ad8b81f7be8c1cfe,2025-10-11,,Heavyweight,0,3,1,27.824777549623544,198.12,265.0,198.12,1,0,0,0,36.5284052019165,187.96,239.0,200.66,1,0,0,0,10.159999999999997,-2.539999999999992,8.703627652292955,14,1,0,15,0.9333333333333333,12,4,0,16,0.75,-1,1.0,1.0,65.5,1.0,1.0,142.33333333333334,0.75,0.75,331.75,0.49411764705882355,0.6666666666666666,126.5,7.0,91.0,0.5,0.0,900.0,0.3333333333333333,0.0,900.0,0.6,0.0,900.0,0.3919089759797724,0.14285714285714285,182.4,18.235294117647058,112.0,0,3,0,3,0.6,3.162337662337662,4,1,0,1,2.0,2.087142857142857,3,0.0,0.75,0.0,0.75,0.0,142.33333333333334,0.6666666666666666,0.16666666666666666,0.0,0.5,0.0,0.5,759.0,0.14285714285714285,1.514031485284052,,-4.175222450376456,0,3.1813826146475015,,4.528405201916499,1,0,1,0,0,0.18333333333333335,0.18333333333333335,0.3371794871794872,0.25,0.0,0.3371794871794872,0,1,0.47115384615384615,0.16666666666666666,0.16666666666666666,0.47115384615384615,0,1,prediction,2025-09-30 18:47:09.648220
c547b3e95bcc5f24,2025-10-11,,Women's Strawweight,0,3,1,27.603011635865844,157.48000000000002,115.0,160.02,1,0,0,0,39.98904859685147,160.02,115.0,162.56,1,0,0,0,-2.539999999999992,-2.539999999999992,12.386036960985624,13,5,0,18,0.7222222222222222,16,9,0,25,0.64,-7,0.5,0.0,900.0,0.3333333333333333,0.0,900.0,0.3333333333333333,0.0,900.0,0.5717703349282297,0.75,69.42857142857143,26.555555555555557,196.0,0.0,0.0,900.0,0.3333333333333333,0.0,900.0,0.6,0.0,900.0,0.4333005571943625,0.22727272727272727,40.23684210526316,26.979591836734695,336.0,0,0,1,-1,0.3,3.8179442508710806,3,0,2,-2,2.0,2.0241687192118225,2,0.0,0.0,0.3333333333333333,0.0,0.3333333333333333,900.0,0.75,0.0,0.05555555555555555,0.4444444444444444,0.0,0.4444444444444444,860.1111111111111,0.22727272727272727,1.322381930184805,,-0.39698836413415606,0,9.81245722108145,0.8,11.989048596851468,1,0,0,0,0,0.0822222222222222,0.0822222222222222,0.7277777777777779,1.0,0.3333333333333333,0.7277777777777779,0,0,0.661639014580191,0.6666666666666666,0.2222222222222222,0.661639014580191,1,1,prediction,2025-09-30 18:47:09.648220
cff0abc02974fb4a,2025-10-11,,Featherweight,0,3,1,34.69404517453799,180.34,145.0,180.34,1,0,0,0,25.037645448323065,172.72,145.0,175.26,1,0,0,0,7.6200000000000045,5.0800000000000125,-9.656399726214925,15,4,0,19,0.7894736842105263,10,3,0,13,0.7692307692307693,6,0.5,0.0,900.0,0.3333333333333333,0.3333333333333333,670.6666666666666,0.4,0.6,615.0,0.37439222042139386,0.0,28.142857142857142,19.25,224.0,0.0,0.0,900.0,0.0,0.0,900.0,0.0,0.0,900.0,0.3818770226537217,,,39.333333333333336,133.0,0,0,1,-1,1.0,1.8244255744255746,3,0,1,-1,,0.0,1,0.2,0.0,0.2,0.0,0.4,777.5,0.0,0.0,0.0,0.0,0.0,0.0,,,3.353867214236824,,6.69404517453799,1,0.36413415468856947,,-2.9623545516769347,0,0,1,0,0,0.020242914979757054,0.020242914979757054,0.5800000000000001,0.6,0.2,0.5800000000000001,0,0,0.5,0.0,0.0,0.5,0,0,prediction,2025-09-30 18:47:09.648220
03377f7bf8a2d5ff,2025-10-11,,Heavyweight,0,3,1,34.3025325119781,193.04,254.0,200.66,1,0,0,0,27.578370978781656,195.58,265.0,200.66,1,0,0,0,-2.5400000000000205,0.0,-6.724161533196444,9,1,0,10,0.9,10,0,0,10,1.0,0,0.5,0.0,750.0,0.6666666666666666,0.0,800.0,0.75,0.25,708.0,0.5936599423631124,,34.0,20.6,105.0,1.0,1.0,339.0,1.0,1.0,339.0,1.0,1.0,339.0,0.5652173913043478,0.0,9.0,6.5,224.0,0,1,0,1,0.8,3.421545667447307,4,1,0,1,,0.0,1,0.25,0.0,0.5,0.0,0.5,744.0,,1.0,0.0,0.0,0.0,0.0,339.0,0.0,1.4565366187542779,,2.3025325119781,0,0.6132785763175906,,-4.421629021218344,0,0,0,0,0,0.09999999999999998,-0.09999999999999998,0.5333333333333333,0.5,0.25,0.5333333333333333,0,0,0.25,0.0,0.0,0.25,0,0,prediction,2025-09-30 18:47:09.648220
f295eb2a7b0ba4b7,2025-10-11,,Bantamweight,0,3,1,37.81519507186858,165.1,135.0,172.72,1,0,0,0,33.464750171115675,177.8,135.0,190.5,0,1,0,0,-12.700000000000017,-17.78,-4.350444900752905,24,5,1,30,0.8,15,2,0,17,0.8823529411764706,13,0.0,0.5,1024.0,0.3333333333333333,0.3333333333333333,982.6666666666666,0.6,0.4,878.0,0.5445783132530121,0.35064935064935066,62.717948717948715,13.294117647058824,161.0,1.0,0.5,459.0,1.0,0.6666666666666666,380.0,1.0,0.4,588.0,0.5506329113924051,0.6,103.84,13.92,161.0,1,0,2,-2,2.0,2.400466966447596,5,6,0,6,2.0,1.630580357142857,2,0.21052631578947367,0.21052631578947367,0.2631578947368421,0.15789473684210525,0.2631578947368421,639.3076923076923,0.35064935064935066,0.2727272727272727,0.09090909090909091,0.45454545454545453,0.36363636363636365,0.45454545454545453,550.8888888888889,0.6,8.355920602327172,1.0,9.81519507186858,1,7.186858316221766,1.0,5.464750171115675,1,-1,-1,-1,1,0.08235294117647052,-0.08235294117647052,0.7152828353147515,0.9473684210526315,0.2631578947368421,0.7152828353147515,3,0,0.5675877192982457,0.5454545454545454,0.09090909090909091,0.5675877192982457,0,0,prediction,2025-09-30 18:47:09.648220
096e00355c8c84ac,2025-10-18,,Middleweight,0,3,1,30.21218343600274,187.96,185.0,200.66,0,1,0,0,28.213552361396303,182.88,185.0,190.5,1,0,0,0,5.0800000000000125,10.159999999999997,-1.9986310746064362,9,1,0,10,0.9,10,2,0,12,0.8333333333333334,-2,0.5,0.5,545.0,0.6666666666666666,0.6666666666666666,589.3333333333334,0.6666666666666666,0.6666666666666666,589.3333333333334,0.5,0.0,22.25,22.428571428571427,231.0,0.0,0.0,900.0,0.0,0.0,900.0,0.0,0.0,900.0,0.37971014492753624,0.3333333333333333,13.0,43.666666666666664,224.0,1,0,1,-1,0.8,2.8988095238095237,3,0,1,-1,,0.0,1,0.3333333333333333,0.0,0.3333333333333333,0.0,0.6666666666666666,789.0,0.0,0.0,0.0,0.0,0.0,0.0,,0.3333333333333333,1.6673511293634498,,0.21218343600273926,0,0.6132785763175906,,-1.786447638603697,0,1,0,0,0,0.06666666666666665,0.06666666666666665,0.5833333333333333,0.3333333333333333,0.0,0.5833333333333333,0,0,0.0,0.0,0.0,0.0,0,1,prediction,2025-09-30 18:47:09.648220
8d9458121f0c4b95,2025-10-18,,Women's Strawweight,0,3,1,25.83983572895277,167.64,115.0,165.1,1,0,0,0,28.657084188911703,165.1,115.0,165.1,1,0,0,0,2.539999999999992,0.0,2.8172484599589325,6,2,1,9,0.6666666666666666,7,2,1,10,0.7,-1,0.5,0.0,900.0,0.5,0.0,900.0,0.5,0.0,900.0,0.3615023474178404,0.5,29.0,25.666666666666668,217.0,0.0,0.0,900.0,0.0,0.0,900.0,0.0,0.0,900.0,0.4838709677419355,0.6666666666666666,161.0,5.0,735.0,0,0,1,-1,,3.3663594470046085,2,0,1,-1,,0.0,1,0.0,0.0,0.5,0.0,0.5,900.0,0.5,0.0,0.0,0.0,0.0,0.0,,0.6666666666666666,1.1882272416153319,,-2.160164271047229,0,2.0123203285420943,,0.6570841889117034,0,0,0,0,0,0.033333333333333326,-0.033333333333333326,0.7222222222222222,0.5,0.5,0.7222222222222222,0,1,1.0,1.0,1.0,1.0,0,0,prediction,2025-09-30 18:47:09.648220
87ac0e5face106b4,2025-10-18,,Middleweight,0,3,1,29.801505817932924,182.88,185.0,182.88,1,0,0,0,33.37713894592745,195.58,185.0,200.66,1,0,0,0,-12.700000000000017,-17.78,3.575633127994525,20,3,0,23,0.8695652173913043,8,3,0,11,0.7272727272727273,12,1.0,1.0,174.0,1.0,1.0,174.0,1.0,1.0,174.0,0.6111111111111112,0.3333333333333333,99.0,22.0,168.0,,,,,,,,,,,,,,,0,2,0,2,,4.0,2,0,0,0,0.0,0.0,0,1.0,0.0,0.0,1.0,0.0,174.0,0.3333333333333333,,,,,,,,0.7474332648870636,,-0.19849418206707625,0,0.0,,3.377138945927449,1,0,-1,-1,1,0.14229249011857703,0.14229249011857703,0.8333333333333333,1.0,0.5,0.8333333333333333,0,0,,,,,0,0,prediction,2025-09-30 18:47:09.648220
857d274e47aa8c4e,2025-10-18,,Bantamweight,0,3,1,32.876112251882276,172.72,135.0,177.8,0,0,1,0,37.91375770020534,172.72,135.0,172.72,1,0,0,0,0.0,5.0800000000000125,5.037645448323062,23,10,1,34,0.6764705882352942,13,2,0,15,0.8666666666666667,19,0.0,0.0,1200.0,0.3333333333333333,0.0,1100.0,0.4,0.2,1167.4,0.491290437255599,0.39285714285714285,45.8,20.028985507246375,441.0,1.0,0.0,900.0,1.0,0.0,900.0,1.0,0.2,732.8,0.468063872255489,0.14285714285714285,37.0,20.391304347826086,161.0,0,0,2,-2,1.0,2.469991546914624,2,6,0,6,2.0,1.0950199866755495,3,0.2916666666666667,0.16666666666666666,0.16666666666666666,0.125,0.3333333333333333,674.7333333333333,0.39285714285714285,0.2222222222222222,0.0,0.5555555555555556,0.2222222222222222,0.5555555555555556,678.4285714285714,0.14285714285714285,10.924024640657084,0.8,4.876112251882276,1,8.659822039698836,,9.913757700205338,1,0,0,0,1,0.19019607843137254,-0.19019607843137254,0.5928782275672229,0.6666666666666666,0.125,0.5928782275672229,0,1,0.6078192640692641,0.4444444444444444,0.2222222222222222,0.6078192640692641,0,1,prediction,2025-09-30 18:47:09.648220
668a44403a130043,2025-10-18,,Flyweight,0,3,1,35.592060232717316,162.56,125.0,165.1,1,0,0,0,29.95482546201232,170.18,125.0,167.64,1,0,0,0,-7.6200000000000045,-2.539999999999992,-5.637234770704996,14,7,2,23,0.6086956521739131,10,1,0,11,0.9090909090909091,12,0.0,1.0,779.0,0.3333333333333333,1.0,678.6666666666666,0.6,1.0,495.8,0.4950911640953717,0.2391304347826087,60.6875,16.045454545454547,133.0,0.5,1.0,256.0,0.6666666666666666,1.0,350.3333333333333,0.75,1.0,460.5,0.4268292682926829,0.4,68.2,13.125,77.0,0,0,2,-2,2.0,1.5865106177606179,3,0,1,-1,0.9,1.6054945054945053,3,0.3333333333333333,0.1111111111111111,0.0,0.1111111111111111,0.0,349.25,0.2391304347826087,0.25,0.5,0.0,0.25,0.25,492.0,0.4,6.036960985626283,,7.592060232717316,1,2.702258726899384,,1.9548254620123195,0,0,-1,0,1,0.300395256916996,-0.300395256916996,0.4973544973544974,0.3333333333333333,0.1111111111111111,0.4973544973544974,0,0,0.4523809523809524,0.25,0.25,0.4523809523809524,0,0,prediction,2025-09-30 18:47:09.648220
3af1bdc5a510bba9,2025-10-18,,Lightweight,0,3,1,34.496919917864474,180.34,155.0,180.34,0,0,1,0,35.35386721423682,175.26,155.0,180.34,1,0,0,0,5.0800000000000125,0.0,0.856947296372347,16,6,1,23,0.6956521739130435,11,5,1,17,0.6470588235294118,6,0.5,1.0,239.5,0.6666666666666666,0.6666666666666666,459.6666666666667,0.6,0.4,635.8,0.4568062827225131,0.20588235294117646,76.25,15.173913043478262,406.0,0.0,1.0,435.0,0.3333333333333333,1.0,372.6666666666667,0.6,1.0,292.6,0.4119278779472954,0.38235294117647056,49.1875,14.142857142857142,385.0,0,0,1,-1,1.0,1.7392857142857143,2,0,2,-2,2.0,1.6405675786035117,2,0.2,0.0,0.2,0.2,0.2,534.0,0.20588235294117646,0.2727272727272727,0.0,0.18181818181818182,0.2727272727272727,0.18181818181818182,478.6,0.38235294117647056,6.861054072553046,0.6,6.496919917864474,1,7.759069130732375,0.6,7.353867214236821,1,0,0,0,0,0.04859335038363166,0.04859335038363166,0.6327380952380952,0.7,0.3,0.6327380952380952,0,2,0.6645502645502646,0.6363636363636364,0.09090909090909091,0.6645502645502646,0,0,prediction,2025-09-30 18:47:09.648220
c82acd7b17915591,2025-10-18,,Women's Flyweight,0,3,1,35.66598220396988,170.18,125.0,165.1,1,0,0,0,36.63244353182751,170.18,125.0,172.72,1,0,0,0,0.0,-7.6200000000000045,0.9664613278576297,12,2,0,14,0.8571428571428571,14,3,0,17,0.8235294117647058,-3,0.5,0.0,1500.0,0.6666666666666666,0.0,1300.0,0.8,0.0,1140.0,0.4176470588235294,0.2903225806451613,58.05555555555556,27.307692307692307,161.0,1.0,0.5,530.0,1.0,0.6666666666666666,602.6666666666666,1.0,0.6,713.8,0.46411483253588515,0.43137254901960786,139.53571428571428,17.321428571428573,161.0,0,0,1,-1,2.0,1.8599618077657543,2,5,0,5,2.0,3.0336378737541527,5,0.25,0.0,0.625,0.0,0.625,875.4285714285714,0.2903225806451613,0.0,0.3,0.5,0.1,0.7,783.625,0.43137254901960786,4.741957563312799,,7.665982203969882,1,3.7371663244353184,1.0,8.632443531827512,1,0,0,0,0,0.03361344537815125,0.03361344537815125,0.6983911513323279,0.5,0.125,0.6983911513323279,1,0,0.5961142032570603,0.3,0.1,0.5961142032570603,0,0,prediction,2025-09-30 18:47:09.648220
cdd565a16975c711,2025-10-18,,Welterweight,0,3,1,32.95003422313484,190.5,170.0,205.74,1,0,0,0,33.946611909650926,185.42,170.0,185.42,1,0,0,0,5.0800000000000125,20.32000000000002,0.9965776865160834,28,14,0,42,0.6666666666666666,12,2,1,15,0.8,27,0.5,0.5,631.5,0.6666666666666666,0.3333333333333333,721.0,0.4,0.6,534.8,0.5053533190578159,0.41025641025641024,50.55813953488372,18.4375,91.0,1.0,0.5,613.0,0.6666666666666666,0.6666666666666666,703.6666666666666,0.8,0.8,546.4,0.5444444444444444,0.7,69.25,16.333333333333332,161.0,0,0,1,-1,0.0,3.8810507674144037,7,2,0,2,2.0,1.9445430346051464,3,0.18518518518518517,0.2222222222222222,0.14814814814814814,0.18518518518518517,0.25925925925925924,501.2,0.41025641025641024,0.3333333333333333,0.3333333333333333,0.16666666666666666,0.3333333333333333,0.16666666666666666,413.6,0.7,7.2060232717316905,1.0,4.950034223134843,1,3.5263518138261465,,5.946611909650926,1,0,0,1,1,0.13333333333333341,-0.13333333333333341,0.6363384661658318,0.7037037037037037,0.1111111111111111,0.6363384661658318,0,0,0.594313482216708,0.6666666666666666,0.0,0.594313482216708,0,0,prediction,2025-09-30 18:47:09.648220
d61373d9fdf01a12,2025-10-18,,Middleweight,0,3,1,35.1129363449692,193.04,185.0,198.12,0,1,0,0,29.806981519507186,187.96,185.0,190.5,1,0,0,0,5.079999999999984,7.6200000000000045,-5.305954825462013,21,2,0,23,0.9130434782608695,25,7,0,32,0.78125,-9,1.0,0.5,956.5,1.0,0.6666666666666666,708.0,1.0,0.75,707.0,0.5265151515151515,0.2727272727272727,99.0,12.636363636363637,84.0,0.5,0.0,900.0,0.3333333333333333,0.0,900.0,0.6,0.2,967.6,0.5300586510263929,0.425531914893617,98.33333333333333,17.634146341463413,91.0,1,4,0,4,1.0,5.640926640926641,4,1,0,1,2.0,2.9553783912422658,5,0.25,0.5,0.25,0.25,0.5,707.0,0.2727272727272727,0.058823529411764705,0.4117647058823529,0.29411764705882354,0.23529411764705882,0.4117647058823529,666.8461538461538,0.425531914893617,0.9390828199863107,,5.112936344969199,1,6.0013689253935665,1.0,-0.1930184804928139,0,1,0,0,0,0.1317934782608695,0.1317934782608695,0.718944099378882,1.0,0.25,0.718944099378882,0,0,0.7199077831890331,0.8823529411764706,0.17647058823529413,0.7199077831890331,1,0,prediction,2025-09-30 18:47:09.648220
dec301fd5e99ca46,2025-10-18,,Women's Bantamweight,0,3,1,34.51882272416153,,135.0,,0,0,0,0,34.63107460643395,170.18,135.0,170.18,1,0,0,0,,,0.11225188227241745,6,2,0,8,0.75,7,3,0,10,0.7,-2,,,,,,,,,,,,,,,0.5,0.5,749.5,0.6666666666666666,0.6666666666666666,786.3333333333334,0.6666666666666666,0.6666666666666666,786.3333333333334,0.4342105263157895,0.36363636363636365,108.8,8.25,154.0,0,0,0,0,0.0,0.0,0,0,1,-1,0.8,1.4908163265306122,1,,,,,,,,0.0,0.3333333333333333,0.3333333333333333,0.0,0.6666666666666666,880.0,0.36363636363636365,0.0,,6.518822724161531,1,2.433949349760438,,6.631074606433948,1,0,0,0,0,0.050000000000000044,0.050000000000000044,,,,,0,0,0.625,0.3333333333333333,0.0,0.625,0,0,prediction,2025-09-30 18:47:09.648220
ecdbb3a5216b815e,2025-10-18,,Lightweight,0,3,1,36.134154688569474,177.8,155.0,177.8,0,1,0,0,36.99657768651608,172.72,155.0,177.8,0,1,0,0,5.0800000000000125,0.0,0.8624229979466094,18,9,0,27,0.6666666666666666,27,15,0,42,0.6428571428571429,-15,0.0,0.5,677.5,0.0,0.3333333333333333,751.6666666666666,0.0,0.3333333333333333,751.6666666666666,0.3576158940397351,0.0,27.0,13.5,161.0,0.0,0.5,396.5,0.0,0.3333333333333333,564.3333333333334,0.2,0.6,419.4,0.4028092433167195,0.17307692307692307,43.875,17.78,203.0,0,0,3,-3,0.0,0.4985213830755232,1,0,3,-3,1.0,2.2072153734590283,3,0.0,0.0,0.0,0.0,0.0,,0.0,0.36,0.04,0.12,0.28,0.16,408.53846153846155,0.17307692307692307,6.458590006844627,,8.134154688569474,1,11.88227241615332,0.8,8.996577686516083,1,0,0,0,1,0.023809523809523725,0.023809523809523725,0.4083333333333334,0.6666666666666666,0.0,0.4083333333333334,0,1,0.6400229046614833,0.52,0.2,0.6400229046614833,0,1,prediction,2025-09-30 18:47:09.648220
970f083af8368f57,2025-10-18,,Bantamweight,0,3,1,38.10266940451746,177.8,135.0,180.34,1,0,0,0,32.31485284052019,170.18,135.0,175.26,1,0,0,0,7.6200000000000045,5.0800000000000125,-5.787816563997268,22,11,0,33,0.6666666666666666,25,12,0,37,0.6756756756756757,-4,0.5,0.5,724.5,0.6666666666666666,0.6666666666666666,562.3333333333334,0.4,0.4,697.4,0.4593548387096774,0.3783783783783784,97.0625,16.952380952380953,217.0,0.0,0.0,704.0,0.3333333333333333,0.0,769.3333333333334,0.4,0.2,654.4,0.49754901960784315,0.4666666666666667,51.53846153846154,21.36842105263158,399.0,0,0,1,-1,0.0,0.8138771973260708,4,0,2,-2,1.0,2.358353510895884,2,0.1111111111111111,0.1111111111111111,0.1111111111111111,0.2222222222222222,0.1111111111111111,392.0,0.3783783783783784,0.125,0.0,0.25,0.125,0.25,656.0,0.4666666666666667,11.652292950034223,,10.102669404517457,1,4.484599589322382,,4.314852840520189,1,0,1,0,0,0.009009009009009028,-0.009009009009009028,0.4204545454545454,0.1111111111111111,0.0,0.4204545454545454,0,3,0.39285714285714285,0.375,0.125,0.39285714285714285,0,1,prediction,2025-09-30 18:47:09.648220
a18edcb638ba7e39,2025-10-18,,Bantamweight,0,3,1,29.89185489390828,175.26,135.0,175.26,0,0,1,0,39.832991101984945,172.72,135.0,175.26,1,0,0,0,2.539999999999992,0.0,9.941136208076664,16,8,1,25,0.64,17,7,0,24,0.7083333333333334,1,0.5,1.0,452.5,0.3333333333333333,0.6666666666666666,601.6666666666666,0.6,0.6,579.4,0.4891139240506329,0.21052631578947367,52.92,25.42105263157895,350.0,1.0,0.0,900.0,0.6666666666666666,0.0,900.0,0.8,0.4,846.4,0.44510978043912175,0.4,65.33333333333333,23.473684210526315,84.0,0,1,0,1,2.0,2.7462406015037595,3,2,0,2,2.0,1.2014802631578947,2,0.13333333333333333,0.2,0.13333333333333333,0.13333333333333333,0.2,587.1428571428571,0.21052631578947367,0.21428571428571427,0.07142857142857142,0.2857142857142857,0.0,0.5,796.625,0.4,6.420260095824777,0.8,1.891854893908281,0,11.88227241615332,0.8,11.832991101984945,1,0,0,0,0,0.06833333333333336,-0.06833333333333336,0.5565012368583797,0.5333333333333333,0.06666666666666667,0.5565012368583797,0,1,0.6164529914529915,0.5714285714285714,0.2857142857142857,0.6164529914529915,0,0,prediction,2025-09-30 18:47:09.648220
0230a9dd2739add4,2025-10-25,,Middleweight,0,3,1,32.88158795345654,182.88,185.0,193.04,0,1,0,0,34.65845311430527,177.8,185.0,185.42,1,0,0,0,5.079999999999984,7.6200000000000045,1.776865160848729,16,2,0,18,0.8888888888888888,19,6,0,25,0.76,-7,0.5,1.0,201.5,0.6666666666666666,1.0,176.66666666666666,0.75,1.0,165.0,0.625,,17.0,23.75,182.0,1.0,0.0,900.0,0.6666666666666666,0.0,900.0,0.8,0.4,706.0,0.5080336648814078,0.42857142857142855,105.37037037037037,22.133333333333333,126.0,1,1,0,1,0.8,2.026352288488211,2,2,0,2,2.0,2.066478076379066,3,0.75,0.0,0.0,0.75,0.0,183.66666666666666,,0.0,0.25,0.5,0.08333333333333333,0.5,746.0,0.42857142857142855,2.4722792607802875,,2.8815879534565383,0,6.151950718685832,1.0,4.658453114305267,1,1,0,0,0,0.12888888888888883,0.12888888888888883,0.6875,1.0,0.0,0.6875,0,0,0.5222909035409037,0.5,0.16666666666666666,0.5222909035409037,0,1,prediction,2025-09-30 18:47:09.648220
14fe8357d878ac0f,2025-10-25,,Lightweight,0,3,1,30.543463381245722,172.72,155.0,175.26,1,0,0,0,24.810403832991103,177.8,155.0,175.26,1,0,0,0,-5.0800000000000125,0.0,-5.733059548254619,15,4,0,19,0.7894736842105263,9,3,0,12,0.75,7,0.0,1.0,649.0,0.0,1.0,649.0,0.0,1.0,649.0,0.5588235294117647,0.42857142857142855,54.666666666666664,12.666666666666666,602.0,0.0,1.0,523.0,0.0,1.0,523.0,0.0,1.0,523.0,0.48148148148148145,0.6666666666666666,75.0,6.5,161.0,0,0,1,-1,,0.0,1,0,1,-1,,0.0,1,0.0,0.0,0.0,0.0,0.0,,0.42857142857142855,0.0,0.0,0.0,0.0,0.0,,0.6666666666666666,1.648186173853525,,2.543463381245722,0,0.4407939767282683,,-3.1895961670088973,0,0,0,0,0,0.03947368421052633,0.03947368421052633,0.5,0.0,0.0,0.5,0,0,0.4,0.0,0.0,0.4,0,1,prediction,2025-09-30 18:47:09.648220
22dd728012944f0a,2025-10-25,,Flyweight,0,3,1,30.72689938398357,170.18,125.0,177.8,0,1,0,0,27.025325119780973,165.1,125.0,162.56,0,0,1,0,5.0800000000000125,15.240000000000009,-3.7015742642025984,15,2,0,17,0.8823529411764706,9,3,0,12,0.75,5,0.0,0.0,900.0,0.3333333333333333,0.0,900.0,0.3333333333333333,0.0,900.0,0.2857142857142857,0.28,32.42857142857143,16.22222222222222,126.0,0.0,0.0,900.0,0.0,0.0,900.0,0.0,0.0,900.0,0.4019607843137255,0.3333333333333333,66.75,6.833333333333333,196.0,0,0,2,-2,0.5,1.5498585572843,2,0,2,-2,,2.319047619047619,2,0.0,0.0,0.3333333333333333,0.0,0.3333333333333333,900.0,0.28,0.0,0.0,0.0,0.0,0.0,,0.3333333333333333,2.2806297056810405,,2.7268993839835716,0,1.3990417522245038,,-0.9746748802190268,0,0,0,1,0,0.13235294117647056,0.13235294117647056,0.5317460317460317,0.3333333333333333,0.3333333333333333,0.5317460317460317,0,1,0.7142857142857143,0.5,0.5,0.7142857142857143,0,1,prediction,2025-09-30 18:47:09.648220
3fdb4c4b39218cf4,2025-10-25,,Heavyweight,0,3,1,32.75564681724846,187.96,264.0,182.88,0,1,0,0,39.36481861738535,175.26,265.0,190.5,1,0,0,0,12.700000000000017,-7.6200000000000045,6.609171800136892,6,1,0,7,0.8571428571428571,23,9,0,32,0.71875,-25,0.5,0.0,900.0,0.3333333333333333,0.0,900.0,0.3333333333333333,0.0,900.0,0.490625,0.6666666666666666,91.0,17.444444444444443,126.0,0.5,1.0,355.5,0.3333333333333333,0.6666666666666666,469.6666666666667,0.4,0.8,455.8,0.471976401179941,0.0,19.6,16.0,364.0,1,0,1,-1,0.3,1.0366603595080415,2,0,1,-1,1.0,1.4575019952114925,1,0.0,0.0,0.3333333333333333,0.0,0.3333333333333333,900.0,0.6666666666666666,0.4,0.0,0.0,0.0,0.0,443.5,0.0,3.238877481177276,,0.7556468172484614,0,4.427104722792608,,7.364818617385353,1,1,1,0,1,0.1383928571428571,0.1383928571428571,0.5888888888888889,0.6666666666666666,0.0,0.5888888888888889,0,0,0.4862745098039215,0.4,0.0,0.4862745098039215,0,0,prediction,2025-09-30 18:47:09.648220
7d3da3c4153717de,2025-10-25,,Women's Strawweight,1,3,1,37.40451745379877,160.02,115.0,162.56,1,0,0,0,32.5886379192334,162.56,115.0,160.02,1,0,0,0,-2.539999999999992,2.539999999999992,-4.815879534565369,22,3,0,25,0.88,15,5,0,20,0.75,5,1.0,0.5,744.0,1.0,0.3333333333333333,796.0,1.0,0.2,837.6,0.3895522388059702,0.3333333333333333,144.375,9.321428571428571,196.0,1.0,0.5,898.0,0.6666666666666666,0.3333333333333333,898.6666666666666,0.6,0.4,938.2,0.4028950542822678,0.17647058823529413,102.74285714285715,15.904761904761905,287.0,0,5,0,5,2.0,1.8455443270555811,3,2,0,2,1.0,2.1862529928172387,4,0.09090909090909091,0.2727272727272727,0.36363636363636365,0.09090909090909091,0.36363636363636365,658.5,0.3333333333333333,0.0,0.3333333333333333,0.3333333333333333,0.26666666666666666,0.4,681.1,0.17647058823529413,6.496919917864476,1.0,9.404517453798768,1,7.646817248459959,1.0,4.588637919233399,1,0,0,0,0,0.13,0.13,0.6923325358851675,0.7272727272727273,0.09090909090909091,0.6923325358851675,0,0,0.5772150072150073,0.6666666666666666,0.06666666666666667,0.5772150072150073,0,0,prediction,2025-09-30 18:47:09.648220
6390c8e74630473e,2025-10-25,,Heavyweight,1,3,1,32.539356605065024,195.58,256.0,198.12,1,0,0,0,35.53730321697468,193.04,245.0,205.74,1,0,0,0,2.5400000000000205,-7.6200000000000045,2.9979466119096543,15,3,0,18,0.8333333333333334,13,2,0,15,0.8666666666666667,3,1.0,1.0,64.5,1.0,1.0,67.33333333333333,0.8,1.0,88.4,0.6727272727272727,1.0,34.0,14.8,455.0,1.0,0.5,712.0,0.6666666666666666,0.6666666666666666,516.0,0.6,0.6,782.2,0.612815269256987,0.25,41.869565217391305,24.97222222222222,322.0,0,3,0,3,1.0,2.246924128503076,2,2,0,2,1.0,2.252312435765673,1,0.6666666666666666,0.2222222222222222,0.0,0.7777777777777778,0.0,135.75,1.0,0.3333333333333333,0.16666666666666666,0.3333333333333333,0.08333333333333333,0.5833333333333334,863.0,0.25,5.25119780971937,,0.5393566050650236,0,6.209445585215605,1.0,3.537303216974678,1,0,0,0,0,0.033333333333333326,-0.033333333333333326,0.6786817757405992,0.7777777777777778,0.1111111111111111,0.6786817757405992,1,0,0.7987351537351537,0.8333333333333334,0.3333333333333333,0.7987351537351537,1,0,prediction,2025-09-30 18:47:09.648220
ef1519c8c1d20977,2025-10-25,,Women's Strawweight,0,3,1,30.338124572210816,160.02,115.0,172.72,1,0,0,0,31.184120465434635,160.02,115.0,165.1,1,0,0,0,0.0,7.6200000000000045,0.8459958932238187,10,1,0,11,0.9090909090909091,15,6,0,21,0.7142857142857143,-10,1.0,1.0,308.5,1.0,1.0,238.33333333333334,0.8,0.8,487.2,0.5343137254901961,0.375,142.88888888888889,10.9,182.0,0.5,0.0,900.0,0.6666666666666666,0.0,900.0,0.6666666666666666,0.0,900.0,0.5086848635235732,0.14285714285714285,82.5,22.77777777777778,763.0,0,4,0,4,1.0,2.4382510013351135,3,1,0,1,0.7,0.7383760107816711,0,0.2,0.6,0.0,0.4,0.2,384.0,0.375,0.0,0.0,0.6666666666666666,0.0,0.6666666666666666,900.0,0.14285714285714285,2.5489390828199863,,2.338124572210816,0,6.151950718685832,,3.184120465434635,1,0,0,0,0,0.19480519480519476,0.19480519480519476,0.5395238095238095,0.4,0.0,0.5395238095238095,0,1,0.4166666666666667,0.0,0.0,0.4166666666666667,0,0,prediction,2025-09-30 18:47:09.648220
ef12d2aaaadaf6d0,2025-10-25,,Light Heavyweight,0,3,1,33.71663244353183,193.04,205.0,198.12,1,0,0,0,36.53661875427789,177.8,205.0,180.34,0,1,0,0,15.23999999999998,17.78,2.81998631074606,14,5,0,19,0.7368421052631579,15,0,0,15,1.0,4,0.0,0.5,698.5,0.0,0.6666666666666666,689.3333333333334,0.4,0.4,773.6,0.5010526315789474,0.23809523809523808,129.41176470588235,19.04,364.0,1.0,1.0,351.5,1.0,0.6666666666666666,534.3333333333334,1.0,0.8,585.0,0.5815602836879432,0.16666666666666666,31.454545454545453,20.5,140.0,1,0,3,-3,2.0,1.3988893144389123,2,5,0,5,2.0,1.5437447168216398,2,0.2,0.0,0.4,0.2,0.4,648.6666666666666,0.23809523809523808,0.8,0.0,0.2,0.2,0.6,585.0,0.16666666666666666,8.145106091718,0.8,1.7166324435318288,0,3.62217659137577,,4.536618754277889,1,-1,1,1,0,0.26315789473684215,-0.26315789473684215,0.6719985896456484,1.0,0.1,0.6719985896456484,0,0,0.5841025641025641,0.8,0.0,0.5841025641025641,0,0,prediction,2025-09-30 18:47:09.648220
e69f9b4b9cae12a4,2025-10-25,,Bantamweight,0,3,1,29.809719370294317,172.72,135.0,175.26,1,0,0,0,32.31759069130732,175.26,135.0,175.26,0,0,1,0,-2.539999999999992,0.0,2.507871321013006,18,1,0,19,0.9473684210526315,16,2,0,18,0.8888888888888888,1,0.5,0.0,1500.0,0.6666666666666666,0.0,1300.0,0.8,0.2,1016.0,0.5716216216216217,0.39622641509433965,105.73684210526316,21.15,280.0,1.0,0.0,900.0,1.0,0.0,900.0,1.0,0.2,759.6,0.49276361130255,0.3333333333333333,89.16666666666667,27.5,140.0,0,0,1,-1,2.0,1.7523989033584646,3,8,0,8,2.0,1.8803088803088803,3,0.14285714285714285,0.2857142857142857,0.42857142857142855,0.2857142857142857,0.42857142857142855,715.6666666666666,0.39622641509433965,0.08333333333333333,0.25,0.5,0.25,0.5,644.0,0.3333333333333333,4.761122518822724,,1.8097193702943173,0,6.765229295003422,0.8,4.317590691307323,1,0,0,0,0,0.05847953216374269,0.05847953216374269,0.7961538461538462,0.7142857142857143,0.2857142857142857,0.7961538461538462,0,0,0.5576479076479076,0.5,0.16666666666666666,0.5576479076479076,0,1,prediction,2025-09-30 18:47:09.648220
b42a3386a7dccb3d,2025-10-25,,Heavyweight,0,3,1,37.002053388090346,200.66,250.0,203.2,1,0,0,0,34.332648870636554,190.5,205.0,200.66,1,0,0,0,10.159999999999997,2.539999999999992,-2.669404517453792,38,11,0,49,0.7755102040816326,22,3,0,25,0.88,24,0.5,0.0,900.0,0.6666666666666666,0.3333333333333333,792.3333333333334,0.8,0.6,529.0,0.5695695695695696,0.6666666666666666,42.607142857142854,24.21276595744681,322.0,1.0,1.0,220.0,0.6666666666666666,1.0,258.6666666666667,0.8,0.8,499.8,0.6679245283018868,0.6,222.28571428571428,11.8,280.0,0,0,1,-1,2.0,2.1119897959183676,2,2,0,2,2.0,3.049397031539889,4,0.35294117647058826,0.058823529411764705,0.29411764705882354,0.11764705882352941,0.4117647058823529,662.8333333333334,0.6666666666666666,0.3333333333333333,0.4444444444444444,0.1111111111111111,0.6666666666666666,0.1111111111111111,419.75,0.6,8.930869267624914,1.0,5.002053388090346,1,3.7180013689253935,,2.332648870636554,0,0,1,0,1,0.10448979591836738,-0.10448979591836738,0.7038957430598297,0.8235294117647058,0.23529411764705882,0.7038957430598297,1,0,0.6677807486631016,0.7777777777777778,0.0,0.6677807486631016,0,0,prediction,2025-09-30 18:47:09.648220
767b78b67c7da17c,2025-11-01,,Featherweight,0,3,1,29.32785763175907,170.18,145.0,180.34,1,0,0,0,29.259411362080765,175.26,145.0,175.26,0,1,0,0,-5.079999999999984,5.0800000000000125,-0.06844626967830436,7,1,0,8,0.875,9,0,0,9,1.0,-1,0.5,0.5,729.5,0.6666666666666666,0.6666666666666666,582.3333333333334,0.6666666666666666,0.6666666666666666,582.3333333333334,0.6405228758169934,0.5263157894736842,228.66666666666666,16.333333333333332,420.0,1.0,1.0,174.0,1.0,1.0,174.0,1.0,1.0,174.0,0.75,1.0,81.0,9.0,168.0,1,1,0,1,0.7,2.795280612244898,2,1,0,1,,0.0,1,0.3333333333333333,0.3333333333333333,0.0,0.3333333333333333,0.0,423.5,0.5263157894736842,0.0,1.0,0.0,1.0,0.0,174.0,1.0,2.223134839151266,,1.3278576317590698,0,0.459958932238193,,1.2594113620807654,0,-1,0,0,0,0.125,-0.125,0.4166666666666667,0.3333333333333333,0.0,0.4166666666666667,0,0,0.0,0.0,0.0,0.0,0,0,prediction,2025-09-30 18:47:09.648220
747d922b329b7f30,2025-11-01,,Featherweight,0,3,1,33.445585215605746,182.88,145.0,190.5,0,1,0,0,31.4031485284052,180.34,145.0,187.96,1,0,0,0,2.539999999999992,2.539999999999992,-2.0424366872005457,18,5,0,23,0.782608695652174,14,2,0,16,0.875,7,1.0,0.5,569.5,1.0,0.6666666666666666,411.6666666666667,1.0,0.8,386.4,0.4675090252707581,0.5714285714285714,56.09090909090909,16.1875,112.0,1.0,0.0,900.0,1.0,0.0,900.0,0.8,0.2,830.6,0.5064935064935064,0.30434782608695654,62.89473684210526,25.35,189.0,1,6,0,6,2.0,1.6771683673469386,4,4,0,4,1.0,2.2810304449648715,3,0.6666666666666666,0.0,0.1111111111111111,0.3333333333333333,0.1111111111111111,347.85714285714283,0.5714285714285714,0.25,0.125,0.375,0.125,0.375,668.3333333333334,0.30434782608695654,5.672826830937714,,5.445585215605746,1,4.024640657084189,,3.4031485284052003,1,1,0,0,0,0.09239130434782605,-0.09239130434782605,0.47986111111111107,0.3333333333333333,0.0,0.47986111111111107,0,0,0.4266233766233767,0.375,0.0,0.4266233766233767,0,1,prediction,2025-09-30 18:47:09.648220
9d9390b550d77e06,2025-11-01,,Heavyweight,0,3,1,34.0807665982204,193.04,260.0,198.12,1,0,0,0,35.23613963039014,190.5,239.0,198.12,1,0,0,0,2.539999999999992,0.0,1.1553730321697415,14,2,0,16,0.875,26,6,0,32,0.8125,-16,0.5,0.0,900.0,0.6666666666666666,0.3333333333333333,796.0,0.8,0.2,837.6,0.4800901577761082,0.5,69.7,26.625,70.0,1.0,1.0,123.0,1.0,1.0,123.0,1.0,1.0,123.0,0.4642857142857143,,8.0,13.0,56.0,0,0,1,-1,2.0,3.1946064139941694,5,1,0,1,,0.0,1,0.2222222222222222,0.0,0.5555555555555556,0.1111111111111111,0.5555555555555556,752.7142857142857,0.5,1.0,0.0,0.0,1.0,0.0,123.0,,3.0088980150581794,,2.0807665982204,0,0.15331964407939766,,3.2361396303901415,1,0,0,0,1,0.0625,0.0625,0.5089031339031339,0.6666666666666666,0.1111111111111111,0.5089031339031339,0,0,0.6363636363636364,1.0,0.0,0.6363636363636364,0,0,prediction,2025-09-30 18:47:09.648220
2f238b0a0feef98f,2025-11-01,,Middleweight,0,3,1,26.767967145790553,172.72,185.0,187.96,0,1,0,0,30.1492128678987,185.42,185.0,195.58,1,0,0,0,-12.699999999999989,-7.6200000000000045,3.3812457221081473,6,0,0,6,1.0,6,3,0,9,0.6666666666666666,-3,,,,,,,,,,,,,,,0.0,1.0,447.5,0.0,1.0,447.5,0.0,1.0,447.5,0.5671641791044776,0.3125,116.5,9.5,91.0,1,0,0,0,0.0,0.0,0,0,2,-2,,4.0,2,,,,,,,,0.0,0.0,0.0,0.0,0.0,,0.3125,0.0,,-3.2320328542094465,0,0.6899383983572895,,0.1492128678987008,0,1,-1,0,0,0.33333333333333337,0.33333333333333337,,,,,0,0,0.5,0.5,0.5,0.5,0,1,prediction,2025-09-30 18:47:09.648220
4e224ebb6394611d,2025-11-08,,Welterweight,0,3,1,28.21902806297057,185.42,170.0,182.88,1,0,0,0,35.337440109514034,190.5,170.0,198.12,1,0,0,0,-5.0800000000000125,-15.240000000000009,7.118412046543465,18,1,0,19,0.9473684210526315,20,6,0,26,0.7692307692307693,-7,1.0,0.5,749.0,1.0,0.3333333333333333,799.3333333333334,0.8,0.6,608.8,0.460446247464503,0.5384615384615384,66.36363636363636,18.916666666666668,119.0,0.5,0.5,649.5,0.6666666666666666,0.3333333333333333,733.0,0.8,0.4,659.2,0.4741902834008097,0.39285714285714285,56.75,19.520833333333332,196.0,0,3,0,3,1.0,2.4269102990033224,3,1,0,1,2.0,2.165085951393005,4,0.0,0.5,0.3333333333333333,0.3333333333333333,0.3333333333333333,504.0,0.5384615384615384,0.2,0.15,0.35,0.1,0.45,658.9285714285714,0.39285714285714285,2.7980835044490076,,0.21902806297056898,0,9.774127310061601,0.8,7.337440109514034,1,0,0,-1,0,0.17813765182186225,0.17813765182186225,0.6116522366522366,0.8333333333333334,0.0,0.6116522366522366,0,0,0.6756948714566443,0.75,0.2,0.6756948714566443,0,1,prediction,2025-09-30 18:47:09.648220
80eae31bc0a94a65,2025-11-08,,Women's Bantamweight,0,3,1,34.21492128678987,167.64,135.0,167.64,1,0,0,0,28.194387405886378,172.72,135.0,177.8,1,0,0,0,-5.0800000000000125,-10.160000000000025,-6.020533880903489,10,5,1,16,0.625,9,1,0,10,0.9,6,0.0,0.0,659.0,0.0,0.0,939.3333333333334,0.2,0.2,748.2,0.5869311551925321,0.29411764705882354,64.88235294117646,17.344827586206897,280.0,1.0,0.0,900.0,1.0,0.0,900.0,1.0,0.0,900.0,0.46174496644295304,0.0,19.25,28.666666666666668,266.0,0,0,4,-4,1.0,1.8859724612736661,3,4,0,4,1.0,2.7462406015037595,3,0.0,0.3333333333333333,0.08333333333333333,0.25,0.08333333333333333,401.2,0.29411764705882354,0.0,0.0,1.0,0.0,1.0,900.0,0.0,7.129363449691992,0.8,6.214921286789867,1,2.184804928131417,,0.1943874058863777,0,0,0,0,0,0.275,-0.275,0.6346171802054155,0.75,0.16666666666666666,0.6346171802054155,0,0,0.5875,0.75,0.25,0.5875,0,0,prediction,2025-09-30 18:47:09.648220
9126633d921afb57,2025-11-08,,Women's Strawweight,0,3,1,36.2299794661191,154.94,115.0,152.4,1,0,0,0,25.859000684462696,157.48000000000002,115.0,160.02,1,0,0,0,-2.5400000000000205,-7.6200000000000045,-10.370978781656401,15,7,0,22,0.6818181818181818,11,3,0,14,0.7857142857142857,8,1.0,0.0,900.0,0.6666666666666666,0.0,900.0,0.6,0.0,900.0,0.48075380914194066,0.13846153846153847,62.025,23.50980392156863,175.0,1.0,0.5,615.0,1.0,0.3333333333333333,710.0,0.8,0.4,610.0,0.5469314079422383,0.3684210526315789,86.125,17.823529411764707,175.0,0,2,0,2,1.0,1.7260435809923864,3,3,0,3,1.0,2.627697841726619,3,0.05555555555555555,0.05555555555555555,0.5,0.05555555555555555,0.5,795.7272727272727,0.13846153846153847,0.42857142857142855,0.0,0.2857142857142857,0.14285714285714285,0.2857142857142857,522.4,0.3684210526315789,10.907597535934292,1.0,8.229979466119097,1,3.143052703627652,,-2.1409993155373037,0,0,0,0,0,0.10389610389610393,-0.10389610389610393,0.6969281045751633,0.6111111111111112,0.16666666666666666,0.6969281045751633,0,0,0.6773657289002557,0.5714285714285714,0.2857142857142857,0.6773657289002557,0,1,prediction,2025-09-30 18:47:09.648220
d678871a5061a8ba,2025-11-08,,Bantamweight,0,3,1,31.942505133470227,170.18,135.0,177.8,1,0,0,0,29.53593429158111,172.72,135.0,177.8,1,0,0,0,-2.539999999999992,0.0,-2.406570841889117,17,6,0,23,0.7391304347826086,18,5,0,23,0.782608695652174,0,0.5,0.5,533.5,0.3333333333333333,0.6666666666666666,504.3333333333333,0.4,0.8,383.8,0.41369047619047616,0.0,13.11111111111111,24.529411764705884,329.0,0.0,1.0,434.5,0.3333333333333333,1.0,354.6666666666667,0.3333333333333333,1.0,354.6666666666667,0.3860759493670886,0.2857142857142857,97.5,12.2,623.0,0,0,1,-1,1.0,2.18421926910299,2,0,2,-2,0.5,2.032931354359926,1,0.5555555555555556,0.0,0.1111111111111111,0.3333333333333333,0.2222222222222222,420.0,0.0,0.3333333333333333,0.0,0.0,0.3333333333333333,0.0,195.0,0.2857142857142857,5.021218343600274,,3.9425051334702275,1,3.1813826146475015,,1.5359342915811105,0,0,0,0,0,0.0434782608695653,-0.0434782608695653,0.5595238095238095,0.5555555555555556,0.0,0.5595238095238095,0,0,0.4787878787878788,0.6666666666666666,0.0,0.4787878787878788,0,0,prediction,2025-09-30 18:47:09.648220
c037cf1f7b429d5e,2025-11-15,,Middleweight,0,3,1,24.851471594798085,187.96,185.0,200.66,1,0,0,0,35.520876112251884,182.88,185.0,195.58,0,1,0,0,5.0800000000000125,5.079999999999984,10.669404517453799,10,0,0,10,1.0,10,3,1,14,0.7142857142857143,-4,1.0,1.0,421.0,1.0,1.0,421.0,1.0,1.0,421.0,0.5806451612903226,0.2857142857142857,99.5,18.0,91.0,0.5,0.5,616.5,0.5,0.5,616.5,0.5,0.5,616.5,0.36470588235294116,,64.0,6.2,98.0,1,1,0,1,,0.0,1,1,0,1,,4.0,2,0.0,1.0,0.0,0.0,0.0,421.0,0.2857142857142857,0.0,0.0,0.5,0.0,0.5,900.0,,0.24914442162902123,,-5.148528405201915,0,0.7282683093771389,,5.520876112251884,1,-1,0,0,0,0.2857142857142857,0.2857142857142857,,0.0,0.0,0.0,0,0,0.5416666666666666,0.5,0.0,0.5416666666666666,0,0,prediction,2025-09-30 18:47:09.648220
9bbdc2a2ab334541,2025-11-15,,Middleweight,0,3,1,32.714579055441476,187.96,185.0,193.04,0,1,0,0,37.91101984941821,185.42,185.0,195.58,0,1,0,0,2.5400000000000205,-2.5400000000000205,5.196440793976734,16,4,0,20,0.8,37,20,0,57,0.6491228070175439,-37,0.5,1.0,254.0,0.3333333333333333,1.0,193.66666666666666,0.4,0.8,220.6,0.4921052631578947,0.23684210526315788,128.46153846153845,12.466666666666667,84.0,0.0,0.5,541.5,0.0,0.6666666666666666,595.6666666666666,0.4,0.8,580.4,0.4528853177501826,0.3048780487804878,77.14285714285714,12.4,91.0,0,1,0,1,1.0,1.5517790759426446,1,0,3,-3,2.0,2.763556116015132,5,0.125,0.125,0.125,0.25,0.125,414.0,0.23684210526315788,0.041666666666666664,0.4583333333333333,0.0,0.125,0.16666666666666666,495.1666666666667,0.3048780487804878,5.385352498288843,,2.714579055441476,0,8.933607118412047,0.8,7.91101984941821,1,0,0,0,1,0.15087719298245617,0.15087719298245617,0.7196493982208267,0.625,0.25,0.7196493982208267,0,1,0.6369565217391304,0.5833333333333334,0.25,0.6369565217391304,0,0,prediction,2025-09-30 18:47:09.648220
909cd8633507a0c8,2025-11-15,,Women's Flyweight,0,3,1,26.535249828884325,162.56,125.0,167.64,1,0,0,0,31.9315537303217,165.1,125.0,165.1,1,0,0,0,-2.539999999999992,2.539999999999992,5.396303901437374,13,2,0,15,0.8666666666666667,12,2,0,14,0.8571428571428571,1,0.5,0.0,1500.0,0.6666666666666666,0.0,1300.0,0.8,0.4,902.8,0.4436936936936937,0.3181818181818182,133.0,24.625,378.0,0.5,0.0,1200.0,0.6666666666666666,0.0,1100.0,0.8,0.0,1020.0,0.48911798396334477,0.45454545454545453,128.25,18.565217391304348,140.0,0,1,0,1,2.0,2.56091148115688,2,1,0,1,2.0,1.2465870307167235,2,0.0,0.375,0.5,0.125,0.5,753.1428571428571,0.3181818181818182,0.0,0.0,0.8571428571428571,0.0,0.8571428571428571,900.0,0.45454545454545453,4.158795345653662,,-1.464750171115675,0,5.9986310746064335,,3.931553730321699,1,0,0,0,0,0.009523809523809601,0.009523809523809601,0.6336647727272726,0.875,0.125,0.6336647727272726,0,0,0.5833333333333334,0.5714285714285714,0.14285714285714285,0.5833333333333334,0,0,prediction,2025-09-30 18:47:09.648220
856f6ee049373843,2025-11-15,,Welterweight,1,3,1,29.180013689253936,180.34,170.0,185.42,0,0,1,0,34.053388090349074,177.8,170.0,177.8,0,1,0,0,2.539999999999992,7.619999999999976,4.873374401095138,18,2,0,20,0.9,27,1,0,28,0.9642857142857143,-8,1.0,0.5,1161.5,1.0,0.3333333333333333,1074.3333333333333,1.0,0.4,851.2,0.541,0.16666666666666666,17.09090909090909,30.055555555555557,189.0,1.0,1.0,803.5,1.0,1.0,597.6666666666666,1.0,0.8,757.8,0.5886157826649417,0.5362318840579711,129.94736842105263,11.375,301.0,0,8,0,8,2.0,2.426910299003322,2,15,0,15,2.0,1.7599914965986396,2,0.5,0.125,0.375,0.5,0.5,598.875,0.16666666666666666,0.17647058823529413,0.47058823529411764,0.29411764705882354,0.35294117647058826,0.47058823529411764,643.125,0.5362318840579711,3.813826146475017,,1.1800136892539363,0,10.483230663928817,1.0,6.053388090349074,1,0,0,0,0,0.06428571428571428,-0.06428571428571428,0.6912071846282374,0.75,0.0,0.6912071846282374,0,0,0.7299674399674401,0.8823529411764706,0.11764705882352941,0.7299674399674401,2,0,prediction,2025-09-30 18:47:09.648220
7606f6b6c19f2d73,2025-11-15,,Women's Flyweight,1,3,1,37.69199178644764,165.1,125.0,167.64,0,1,0,0,36.257357973990416,162.56,115.0,160.02,0,0,1,0,2.539999999999992,7.619999999999976,-1.4346338124572213,25,4,1,30,0.8333333333333334,26,3,0,29,0.896551724137931,1,1.0,0.0,1500.0,0.6666666666666666,0.0,1500.0,0.6,0.2,1434.8,0.5237388724035609,0.6020408163265306,115.86538461538461,15.128571428571428,189.0,1.0,0.0,1500.0,1.0,0.0,1500.0,1.0,0.4,1062.6,0.5387387387387388,0.45614035087719296,103.57575757575758,23.605263157894736,280.0,0,2,0,2,1.0,1.9167638483965013,2,5,0,5,2.0,1.841596638655462,2,0.2222222222222222,0.1111111111111111,0.4444444444444444,0.0,0.5555555555555556,1083.0,0.6020408163265306,0.16666666666666666,0.16666666666666666,0.5,0.16666666666666666,0.5,887.6,0.45614035087719296,9.908281998631075,1.0,9.691991786447637,1,7.282683093771389,0.8,8.257357973990416,1,0,0,0,0,0.06321839080459768,-0.06321839080459768,0.7105317884729649,0.8333333333333334,0.2222222222222222,0.7105317884729649,2,0,0.7030155030155031,0.8333333333333334,0.08333333333333333,0.7030155030155031,1,0,prediction,2025-09-30 18:47:09.648220
6c2c6a6e3f4d04db,2025-11-15,,Women's Strawweight,0,3,1,40.84052019164955,160.02,115.0,162.56,1,0,0,0,25.34428473648186,167.64,115.0,170.18,1,0,0,0,-7.619999999999976,-7.6200000000000045,-15.496235455167692,18,15,0,33,0.5454545454545454,8,1,0,9,0.8888888888888888,24,0.5,0.0,900.0,0.3333333333333333,0.0,900.0,0.6,0.2,830.4,0.5029912563276576,0.30434782608695654,52.5735294117647,26.658536585365855,98.0,1.0,1.0,661.5,0.6666666666666666,0.6666666666666666,741.0,0.6666666666666666,0.6666666666666666,741.0,0.4965986394557823,0.6,76.16666666666667,18.25,126.0,0,0,1,-1,2.0,2.627022861546365,4,2,0,2,0.5,3.0103021978021975,3,0.07142857142857142,0.03571428571428571,0.35714285714285715,0.0,0.39285714285714285,833.3846153846154,0.30434782608695654,0.6666666666666666,0.0,0.0,0.0,0.3333333333333333,661.5,0.6,10.926762491444217,0.8,12.840520191649553,1,1.3415468856947297,,-2.6557152635181396,0,0,-1,0,1,0.3434343434343434,-0.3434343434343434,0.5866112519958674,0.6428571428571429,0.14285714285714285,0.5866112519958674,0,4,0.611111111111111,0.6666666666666666,0.0,0.611111111111111,0,0,prediction,2025-09-30 18:47:09.648220
292b83afa418635f,2025-11-15,,Middleweight,0,3,1,29.83709787816564,185.42,185.0,193.04,0,1,0,0,36.139630390143736,182.88,185.0,185.42,1,0,0,0,2.539999999999992,7.6200000000000045,6.302532511978097,7,1,0,8,0.875,11,3,0,14,0.7857142857142857,-6,0.5,0.5,656.5,0.6666666666666666,0.6666666666666666,610.3333333333334,0.8,0.8,408.6,0.5864661654135338,0.4166666666666667,123.5,8.666666666666666,196.0,0.5,0.0,900.0,0.6666666666666666,0.3333333333333333,696.0,0.6,0.4,675.2,0.5574324324324325,0.23076923076923078,92.66666666666667,16.5,105.0,1,0,1,-1,2.0,2.308786346396966,3,1,0,1,1.0,1.505151098901099,3,0.2,0.4,0.2,0.4,0.2,407.5,0.4166666666666667,0.0,0.5555555555555556,0.1111111111111111,0.2222222222222222,0.2222222222222222,505.6666666666667,0.23076923076923078,2.702258726899384,,-0.16290212183436026,0,6.26694045174538,,6.139630390143736,1,1,0,0,0,0.0892857142857143,0.0892857142857143,0.5833333333333333,0.2,0.2,0.5833333333333333,0,0,0.5290123456790123,0.4444444444444444,0.1111111111111111,0.5290123456790123,0,1,prediction,2025-09-30 18:47:09.648220
ebb012c5f3fd0cbb,2025-11-15,,Middleweight,0,3,1,34.535249828884325,182.88,185.0,190.5,0,1,0,0,33.74401095140315,190.5,185.0,190.5,1,0,0,0,-7.6200000000000045,0.0,-0.7912388774811774,14,4,0,18,0.7777777777777778,17,6,0,23,0.7391304347826086,-5,0.5,0.5,899.5,0.6666666666666666,0.3333333333333333,899.6666666666666,0.6,0.6,757.2,0.5031731640979148,0.42105263157894735,51.0,21.346153846153847,119.0,0.5,1.0,591.0,0.6666666666666666,0.6666666666666666,694.0,0.8,0.8,568.0,0.5149812734082397,0.39473684210526316,67.36842105263158,22.916666666666668,140.0,1,0,1,-1,1.0,1.756854256854257,4,1,0,1,2.0,2.707378706199461,4,0.5,0.0,0.1,0.0,0.3,647.3333333333334,0.42105263157894735,0.5454545454545454,0.0,0.18181818181818182,0.2727272727272727,0.2727272727272727,487.125,0.39473684210526316,6.017796030116359,0.8,4.535249828884325,1,4.446269678302532,0.8,3.7440109514031477,1,1,-1,0,0,0.03864734299516914,0.03864734299516914,0.6077601410934744,0.6,0.1,0.6077601410934744,0,0,0.6597912917179755,0.6363636363636364,0.09090909090909091,0.6597912917179755,0,0,prediction,2025-09-30 18:47:09.648220
3c60884853766487,2025-11-15,,Welterweight,0,3,1,34.2258726899384,187.96,170.0,187.96,0,1,0,0,32.24640657084189,185.42,170.0,198.12,0,0,1,0,2.5400000000000205,-10.159999999999997,-1.9794661190965073,22,5,0,27,0.8148148148148148,22,7,0,29,0.7586206896551724,-2,0.0,0.5,1249.5,0.3333333333333333,0.3333333333333333,1333.0,0.6,0.4,1388.6,0.5418502202643172,0.3611111111111111,82.57142857142857,12.478260869565217,238.0,0.5,0.5,899.5,0.6666666666666666,0.6666666666666666,696.3333333333334,0.8,0.8,583.6,0.5323383084577115,1.0,20.444444444444443,17.833333333333332,91.0,0,0,2,-2,2.0,1.8325191444415103,3,1,0,1,2.0,3.962929475587704,6,0.15789473684210525,0.05263157894736842,0.5263157894736842,0.05263157894736842,0.6842105263157895,1080.857142857143,0.3611111111111111,0.8333333333333334,0.0,0.0,0.5,0.0,392.2,1.0,11.019849418206707,1.0,6.225872689938399,1,1.7631759069130732,,4.246406570841891,1,0,0,0,0,0.056194125159642394,0.056194125159642394,0.7134689628110681,0.7894736842105263,0.2631578947368421,0.7134689628110681,2,0,0.7421023965141612,1.0,0.3333333333333333,0.7421023965141612,0,0,prediction,2025-09-30 18:47:09.648220
